{
    "type": "minecraft:crafting_shaped",
    "pattern": [
        "###",
        "iIi",
        "ORO"
    ],
    "key": {
        "#": {
            "item": "create:iron_sheet"
        },
        "i": {
            "item": "minecraft:iron_ingot"
        },
        "I": {
            "item": "create:electron_tube"
        },
        "O": {
            "item": "create:zinc_block"
        },
        "R": {
            "item": "create:zinc_ingot"
        }
    },
    "result": {
        "item": "pixelmon:white_healer",
        "count": 1
    }
}